,a1,a2,a3,a4,C,fitness
0,0.0,0.0,-1.0,0.5,-0.125,9
1,0.0,0.0,-1.0,0.5,-0.125,8
2,0.0,0.0,-1.0,0.5,-0.125,5
3,0.0,0.0,-1.0,0.5,-0.125,3
4,0.0,0.0,-1.0,0.5,-0.125,1
5,0.0,0.0,-1.0,0.5,-0.125,2
6,-0.5,0.0,-1.0,0.5,-0.125,0
7,0.0,-0.5,-1.0,0.5,-0.125,1
8,0.0,0.0,-1.0,0.5,-0.125,15
9,0.0,0.0,-1.0,0.5,-0.125,1
10,0.0,0.0,-1.0,0.5,-0.125,1
11,0.0,0.0,-1.0,0.5,-0.125,7
12,0.0,0.0,-1.0,0.5,-0.125,3
13,-0.5,0.0,-1.0,0.5,-0.125,0
14,0.0,-0.5,-1.0,0.5,-0.125,0
15,0.0,0.0,-1.0,0.5,-0.125,1
16,0.0,0.0,-1.0,0.5,-0.125,6
17,0.0,0.0,-1.0,0.5,-0.125,1
18,0.0,0.0,-1.0,0.5,-0.125,4
19,0.0,0.0,-1.0,0.5,-0.125,7
20,0.0,0.0,-1.0,0.625,-0.125,2
21,0.0,0.0,-1.0,0.625,-0.125,2
22,0.0,-0.5,-1.0,0.5,-0.125,0
23,0.0,0.0,-1.0,0.5,-0.125,1
24,0.0,0.0,-1.0,0.625,0.375,0
25,0.0,0.0,-1.0,0.5,-0.125,3
26,0.0,0.0,-1.0,0.625,-0.125,1
27,0.0,0.0,-1.0,0.5,-0.125,11
28,0.0,0.0,-1.0,0.625,-0.125,1
29,0.0,0.0,-1.0,0.625,-0.125,3
30,0.0,0.0,-1.0,0.5,-0.125,1
31,0.0,0.0,-1.0,0.5,-0.125,1
32,0.0,0.0,-1.0,0.5,-0.125,3
33,0.0,0.0,-1.0,0.5,-0.125,1
34,0.0,0.0,-1.0,0.5,-0.125,1
35,0.0,0.0,-1.0,0.625,-0.125,6
36,0.0,0.0,-1.0,0.625,-0.125,2
37,0.0,0.0,-1.0,0.5,-0.125,1
38,0.0,0.0,-1.0,0.5,-0.125,6
39,0.0,0.0,-1.0,0.75,-0.125,3
40,0.0,0.0,-1.0,0.0,-0.125,0
41,0.0,0.0,-1.0,0.0,-0.125,0
42,0.0,0.0,-1.0,0.75,-0.125,1
43,0.0,0.0,-1.0,0.0,-0.125,0
44,0.0,0.0,-1.0,0.25,-0.125,10
45,0.0,0.0,-1.0,0.125,-0.125,0
46,0.0,0.0,-1.0,-0.25,-0.125,0
47,0.0,0.0,-1.0,0.0,-0.125,0
48,0.0,0.0,-1.0,0.5,-0.125,1
49,0.0,0.0,-1.0,0.0,-0.125,0
50,0.0,-0.5,-1.0,0.5,-0.125,0
51,-0.5,0.0,-1.0,0.0,-0.125,0
52,0.0,0.0,-1.0,0.0,-0.125,0
53,0.0,0.0,-1.0,0.75,-0.125,4
54,0.0,0.0,-1.0,0.0,-0.125,0
55,0.0,0.0,-1.0,0.5,-0.125,3
56,0.0,0.0,-1.0,0.0,-0.125,0
57,0.0,0.0,-1.0,0.25,-0.125,1
58,-0.5,0.0,-1.0,0.75,-0.125,3
59,0.0,0.0,-1.0,0.125,-0.125,1
60,0.0,0.0,-1.0,0.0,-0.125,0
61,-0.5,0.0,-1.0,0.25,-0.125,4
62,0.0,0.0,-1.0,0.0,-0.125,0
63,0.0,0.0,-1.0,0.75,-0.125,2
64,0.0,0.0,-1.0,0.75,-0.125,4
65,0.0,0.0,-1.0,0.5,-0.125,2
66,0.0,0.0,-1.0,0.75,-0.125,4
67,0.0,0.0,-1.0,0.5,-0.125,2
68,0.0,-0.5,-1.0,0.5,-0.125,1
69,0.0,-0.5,-1.0,0.0,-0.125,1
70,0.0,0.0,-1.0,0.75,-0.125,2
71,0.0,0.0,-1.0,0.75,-0.125,3
72,0.0,0.0,-1.0,0.25,-0.125,4
73,0.0,0.0,-1.0,0.75,-0.125,1
74,0.0,0.0,-1.0,0.75,-0.125,4
75,0.0,0.0,-1.0,0.0,-0.125,0
76,0.0,0.0,-1.0,0.0,0.375,0
77,0.0,0.0,-1.0,0.75,-0.125,1
78,0.0,0.0,-1.0,0.75,-0.125,2
79,0.0,0.0,-1.0,0.0,0.375,0
80,0.0,0.0,-1.0,0.5,0.375,0
81,0.0,-0.5,-1.0,0.5,-0.125,1
82,0.0,0.0,-1.0,0.5,-0.125,1
83,0.0,0.0,-1.0,0.5,-0.125,1
84,0.0,0.0,-1.0,0.5,-0.125,10
85,0.0,0.0,-1.0,0.5,-0.125,17
86,0.0,0.0,-1.0,0.5,-0.125,1
87,0.0,0.0,-1.0,0.5,-0.125,2
88,0.0,0.0,-1.0,0.5,-0.125,5
89,0.0,0.0,-1.0,0.5,-0.125,11
90,0.0,0.0,-1.0,0.5,-0.125,1
91,0.0,0.0,-1.0,0.5,-0.125,1
92,0.0,0.0,-1.0,0.5,-0.125,1
93,0.0,0.0,-1.0,0.5,-0.125,17
94,0.0,0.0,-1.0,0.5,-0.125,2
95,0.0,0.0,-1.0,0.5,0.375,0
96,0.0,0.0,-1.0,0.5,-0.125,5
97,0.0,0.0,-1.0,0.5,-0.125,3
98,0.0,0.0,-1.0,0.5,-0.125,1
99,0.0,0.0,-1.0,0.5,-0.125,5
100,0.0,0.0,-1.0,0.0,-0.125,0
101,0.0,0.0,-1.0,0.75,-0.125,3
102,0.0,0.0,-1.0,0.5,-0.125,5
103,0.0,0.0,-1.0,0.75,-0.125,2
104,0.0,0.0,-1.0,0.75,-0.125,1
105,0.0,-0.5,-1.0,0.75,-0.125,0
106,0.0,0.0,-1.0,0.75,-0.125,8
107,0.0,0.0,-1.0,0.5,-0.125,1
108,0.0,0.0,-1.0,0.25,-0.125,3
109,0.0,0.0,-1.0,0.75,-0.125,6
110,0.0,-0.5,-1.0,0.75,-0.125,0
111,-0.5,0.0,-1.0,0.25,-0.125,0
112,0.0,0.0,-1.0,0.75,-0.125,5
113,0.0,0.0,-1.0,0.75,-0.125,5
114,0.0,0.0,-1.0,0.125,-0.125,1
115,0.0,0.0,-1.0,0.25,-0.125,2
116,0.0,0.0,-1.0,0.25,-0.125,3
117,0.0,0.0,-1.0,0.0,-0.125,0
118,0.0,0.0,-1.0,0.5,-0.125,2
119,0.0,0.0,-1.0,0.25,-0.125,5
120,0.0,0.0,-1.0,0.5,-0.125,3
121,0.0,0.0,-1.0,0.5,-0.125,2
122,0.0,0.0,-1.0,0.75,-0.125,3
123,0.0,0.0,-1.0,0.75,-0.125,6
124,0.0,0.0,-1.0,0.5,-0.125,1
125,0.0,0.0,-1.0,0.75,-0.125,4
126,0.0,0.0,-1.0,0.0,-0.125,0
127,0.0,0.0,-1.0,0.25,-0.125,4
128,0.0,0.0,-1.0,0.0,0.375,0
129,0.0,0.0,-1.0,0.25,-0.125,7
130,0.0,0.0,-1.0,0.0,-0.125,0
131,0.0,0.0,-1.0,0.25,-0.125,2
132,0.0,0.0,-1.0,0.25,-0.125,6
133,0.0,0.0,-1.0,0.25,-0.125,2
134,-0.75,0.0,-1.0,0.25,-0.125,0
135,0.0,0.0,-1.0,0.25,-0.125,3
136,0.0,0.0,-1.0,0.75,-0.125,3
137,0.0,0.0,-1.0,0.5,-0.125,5
138,0.0,0.0,-1.0,0.5,-0.125,1
139,0.0,0.0,-1.0,0.75,-0.125,2
140,0.0,0.0,-1.0,0.5,-0.125,2
141,0.0,0.0,-1.0,0.75,-0.125,1
142,0.0,0.0,-1.0,0.5,-0.125,4
143,0.0,0.0,-1.0,0.5,-0.125,7
144,0.0,0.0,-1.0,0.5,-0.125,2
145,0.0,0.0,-1.0,0.75,-0.125,2
146,0.0,0.0,-1.0,0.75,-0.125,1
147,0.0,0.0,-1.0,0.5,-0.125,3
148,0.0,0.0,-1.0,0.5,-0.125,6
149,0.0,0.0,-1.0,0.75,-0.125,1
150,0.0,0.0,-1.0,0.75,-0.125,7
151,0.0,0.0,-1.0,0.5,-0.125,3
152,0.0,0.0,-1.0,0.5,-0.125,7
153,0.0,0.0,-1.0,0.5,-0.125,3
154,0.0,0.0,-1.0,0.75,-0.125,3
155,0.0,0.0,-1.0,0.5,-0.125,13
156,0.0,-0.5,-1.0,0.5,-0.125,1
157,0.0,0.0,-1.0,0.5,-0.125,1
158,0.0,0.0,-1.0,0.25,-0.125,8
159,0.0,0.0,-1.0,0.5,-0.125,2
160,0.0,0.0,-1.0,0.5,-0.125,1
161,0.0,0.0,-1.0,0.5,-0.125,4
162,0.0,0.0,-1.0,0.5,-0.125,13
163,0.0,0.0,-1.0,0.5,-0.125,1
164,0.0,0.0,-1.0,0.5,-0.125,6
165,0.0,0.0,-1.0,0.5,-0.125,4
166,0.0,-0.5,-1.0,0.5,-0.125,0
167,0.0,0.0,-1.0,0.5,-0.125,1
168,0.0,0.0,-1.0,0.5,-0.125,1
169,0.0,0.0,-1.0,0.5,-0.125,3
170,0.0,0.0,-1.0,0.5,-0.125,5
171,0.0,0.0,-1.0,0.5,-0.125,1
172,0.0,0.0,-1.0,0.25,-0.125,4
173,-0.5,0.0,-1.0,0.5,-0.125,0
174,0.0,0.0,-1.0,0.5,-0.125,2
175,0.0,0.0,-1.0,0.5,-0.125,24
176,0.0,0.0,-1.0,0.5,-0.125,7
177,0.0,0.0,-1.0,0.5,-0.125,12
178,0.0,0.0,-1.0,0.5,-0.125,5
179,0.0,0.0,-1.0,0.5,-0.125,1
180,0.0,0.0,-1.0,0.5,-0.125,10
181,-0.5,0.0,-1.0,0.5,-0.125,0
182,0.0,0.0,-1.0,0.5,-0.125,14
183,0.0,0.0,-1.0,0.5,-0.125,2
184,0.0,0.0,-1.0,0.5,-0.125,7
185,0.0,0.0,-1.0,0.5,-0.125,1
186,0.0,0.0,-1.0,0.5,-0.125,4
187,0.0,0.0,-1.0,0.5,-0.125,4
188,0.0,0.0,-1.0,0.5,-0.125,2
189,-0.5,0.0,-1.0,0.5,-0.125,0
190,0.0,0.0,-1.0,0.5,-0.125,2
191,0.0,-0.5,-1.0,0.5,-0.125,0
192,0.0,0.0,-1.0,0.5,-0.125,2
193,0.0,0.0,-1.0,0.5,-0.125,5
194,0.0,0.0,-1.0,0.5,-0.125,1
195,0.0,0.0,-1.0,0.5,-0.125,2
196,0.0,0.0,-1.0,0.5,-0.125,6
197,0.0,0.0,-1.0,0.5,-0.125,1
198,0.0,-0.5,-1.0,0.5,-0.125,0
199,0.0,0.0,-1.0,0.5,-0.125,3
200,0.0,0.0,-1.0,0.5,-0.125,1
201,0.0,0.0,-1.0,0.5,-0.125,1
202,0.0,0.0,-1.0,0.5,-0.125,3
203,0.0,0.0,-1.0,0.5,-0.125,3
204,0.0,0.0,-1.0,0.5,-0.125,1
205,0.0,0.0,-1.0,0.5,-0.125,7
206,0.0,0.0,-1.0,0.5,-0.125,4
207,0.0,0.0,-1.0,0.5,-0.125,4
208,0.0,0.0,-1.0,0.5,-0.125,1
209,0.0,0.0,-1.0,0.5,-0.125,5
210,0.0,0.0,-1.0,0.5,-0.125,1
211,0.0,0.0,-1.0,0.5,0.375,0
212,0.0,0.0,-1.0,0.5,-0.125,1
213,0.0,0.0,-1.0,0.5,-0.125,9
214,-0.5,-0.5,-1.0,0.5,-0.125,1
215,0.0,0.0,-1.0,0.5,-0.125,2
216,0.0,0.0,-1.0,0.5,-0.125,1
217,0.0,0.0,-1.0,0.5,-0.125,1
218,0.0,0.0,-1.0,0.5,-0.125,5
219,0.0,0.0,-1.0,0.5,-0.125,2
220,0.0,0.0,-1.0,0.5,-0.125,6
221,0.0,0.0,-1.0,0.5,0.375,0
222,-0.5,0.0,-1.0,0.5,-0.125,0
223,0.0,0.0,-1.0,0.5,-0.125,2
224,0.0,0.0,-1.0,0.5,-0.125,6
225,0.0,-0.5,-1.0,0.5,-0.125,2
226,-0.5,0.0,-1.0,0.5,-0.125,0
227,0.0,0.0,-1.0,0.5,-0.125,3
228,0.0,0.0,-1.0,0.5,0.375,0
229,0.0,0.0,-1.0,0.5,-0.125,5
230,0.0,0.0,-1.0,0.5,-0.125,1
231,0.0,0.0,-1.0,0.25,-0.125,1
232,0.0,0.0,-1.0,0.5,-0.125,5
233,0.0,0.0,-1.0,0.5,-0.125,17
234,0.0,0.0,-1.0,0.5,-0.125,5
235,0.0,0.0,-1.0,0.5,-0.125,4
236,0.0,0.0,-1.0,0.5,-0.125,9
237,0.0,-0.5,-1.0,0.5,0.375,0
238,0.0,0.0,-1.0,0.5,-0.125,18
239,0.0,0.0,-1.0,0.5,-0.125,8
240,0.0,0.0,-1.0,0.5,-0.125,3
241,0.0,0.0,-1.0,0.5,-0.125,2
242,0.0,0.0,-1.0,0.5,-0.125,1
243,0.0,0.0,-1.0,0.5,-0.125,4
244,0.0,0.0,-1.0,0.5,-0.125,2
245,0.0,0.0,-1.0,0.5,-0.125,9
246,0.0,0.0,-1.0,0.5,-0.125,4
247,0.0,0.0,-1.0,0.5,-0.125,8
248,0.0,0.0,-1.0,0.5,-0.125,2
249,0.0,0.0,-1.0,0.5,-0.125,3
250,0.0,0.0,-1.0,0.5,0.375,0
251,0.0,0.0,-1.0,0.5,-0.125,3
252,0.0,0.0,-1.0,0.5,-0.125,1
253,0.0,-0.5,-1.0,0.5,-0.125,3
254,0.0,0.0,-1.0,0.5,-0.125,2
255,0.0,0.0,-1.0,0.5,-0.125,1
256,0.0,0.0,-1.0,0.5,-0.125,1
257,-0.5,0.0,-1.0,0.5,-0.125,0
258,0.0,0.0,-1.0,0.5,-0.125,1
259,0.0,0.0,-1.0,0.5,-0.125,1
260,0.0,0.0,-1.0,0.5,-0.125,4
261,0.0,-0.5,-1.0,0.5,-0.125,0
262,0.0,0.0,-1.0,0.25,-0.125,1
263,0.0,0.0,-1.0,0.5,-0.125,4
264,0.0,0.0,-1.0,0.5,-0.125,2
265,0.0,0.0,-1.0,0.5,-0.125,21
266,0.0,0.0,-1.0,0.5,-0.125,7
267,0.0,0.0,-1.0,0.5,-0.125,6
268,0.0,-0.5,-1.0,0.25,-0.125,1
269,0.0,0.0,-1.0,0.5,-0.125,2
270,0.0,0.0,-1.0,0.5,-0.125,5
271,0.0,0.0,-1.0,0.5,-0.125,3
272,0.0,0.0,-1.0,0.5,-0.125,4
273,0.0,0.0,-1.0,0.5,-0.125,2
274,0.0,0.0,-1.0,0.5,-0.125,7
275,0.0,0.0,-1.0,0.5,-0.125,2
276,0.0,0.0,-1.0,0.5,-0.125,5
277,0.0,-0.5,-1.0,0.5,-0.125,1
278,0.0,0.0,-1.0,0.5,-0.125,1
279,0.0,-0.5,-1.0,0.5,-0.125,1
280,0.0,0.0,-1.0,0.5,-0.125,9
281,0.0,0.0,-1.0,0.5,-0.125,1
282,0.0,0.0,-1.0,0.5,-0.125,9
283,0.0,0.0,-1.0,0.5,-0.125,6
284,0.0,0.0,-1.0,0.5,-0.125,11
285,0.0,0.0,-1.0,0.5,-0.125,7
286,0.0,0.0,-1.0,0.5,-0.125,3
287,0.0,0.0,-1.0,0.5,-0.125,3
288,0.0,0.0,-1.0,0.5,-0.125,4
289,0.0,0.0,-1.0,0.5,0.375,0
290,0.0,0.0,-1.0,0.5,-0.125,2
291,0.0,0.0,-1.0,0.5,-0.125,4
292,0.0,0.0,-1.0,0.5,-0.125,1
293,0.0,0.0,-1.0,0.5,-0.125,3
294,0.0,0.0,-1.0,0.5,-0.125,8
295,0.0,0.0,-1.0,0.5,-0.125,9
296,0.0,0.0,-1.0,0.5,-0.125,2
297,0.0,0.0,-1.0,0.5,-0.125,1
298,0.0,0.0,-1.0,0.25,-0.125,7
299,0.0,0.0,-1.0,0.5,-0.125,2
300,0.0,0.0,-1.0,0.5,-0.125,3
301,0.0,-0.5,-1.0,0.5,-0.125,1
302,0.0,0.0,-1.0,0.5,-0.125,4
303,0.0,0.0,-1.0,0.5,-0.125,2
304,0.0,0.0,-1.0,0.5,-0.125,3
305,0.0,0.0,-1.0,0.5,-0.125,3
306,0.0,0.0,-1.0,0.5,-0.125,1
307,0.0,0.0,-1.0,0.5,-0.125,1
308,0.0,0.0,-1.0,0.5,-0.125,2
309,0.0,0.0,-1.0,0.5,-0.125,3
310,0.0,0.0,-1.0,0.5,-0.125,3
311,0.0,0.0,-1.0,0.5,-0.125,1
312,0.0,0.0,-1.0,0.5,-0.125,5
313,0.0,0.0,-1.0,0.5,-0.125,4
314,0.0,0.0,-1.0,0.25,-0.125,1
315,0.0,0.0,-1.0,0.5,-0.125,1
316,0.0,0.0,-1.0,0.5,0.375,0
317,0.0,0.0,-1.0,0.5,-0.125,9
318,0.0,0.0,-1.0,0.5,-0.125,11
319,0.0,0.0,-1.0,0.25,-0.125,2
320,0.0,0.0,-1.0,0.5,-0.125,1
321,0.0,0.0,-1.0,0.5,-0.125,8
322,0.125,-0.5,-1.0,0.5,-0.125,1
323,-0.375,0.0,-1.0,0.5,-0.125,0
324,0.125,0.0,-1.0,0.5,-0.125,4
325,0.125,0.0,-1.0,0.5,-0.125,3
326,-0.375,0.0,-1.0,0.5,-0.125,0
327,0.125,0.0,-1.0,0.25,-0.125,1
328,0.125,0.0,-1.0,0.5,-0.125,6
329,0.125,0.0,-1.0,0.5,0.375,0
330,0.0,0.0,-1.0,0.5,-0.125,6
331,0.125,0.0,-1.0,0.5,-0.125,2
332,0.0,0.0,-1.0,0.25,-0.125,4
333,0.0,0.0,-1.0,0.5,-0.125,2
334,0.0,0.0,-1.0,0.5,-0.125,3
335,0.0,0.0,-1.0,0.5,-0.125,1
336,0.0,0.0,-1.0,0.5,0.375,0
337,0.0,-0.5,-1.0,0.5,-0.125,0
338,0.125,0.0,-1.0,0.5,0.375,0
339,0.0,0.0,-1.0,0.5,-0.125,4
340,0.0,0.0,-1.0,0.5,-0.125,5
341,0.0,0.0,-1.0,0.5,-0.125,2
342,0.0,0.0,-1.0,0.5,-0.125,5
343,0.0,0.0,-1.0,0.5,-0.125,6
344,0.0,0.0,-1.0,0.5,-0.125,9
345,0.0,0.0,-1.0,0.5,-0.125,6
346,0.0,0.0,-1.0,0.5,-0.125,2
347,0.0,0.0,-1.0,0.5,-0.125,6
348,0.0,-0.5,-1.0,0.5,-0.125,0
349,0.0,0.0,-1.0,0.5,-0.125,6
350,0.0,0.0,-1.0,0.5,0.375,0
351,0.0,0.0,-1.0,0.5,-0.125,3
352,0.0,0.0,-1.0,0.5,-0.125,6
353,0.0,0.0,-1.0,0.5,-0.125,1
354,0.0,0.0,-1.0,0.5,-0.125,1
355,0.0,0.0,-1.0,0.5,-0.125,7
356,0.0,0.0,-1.0,0.5,-0.125,3
357,-0.5,0.0,-1.0,0.5,-0.125,0
358,0.0,0.0,-1.0,0.5,-0.125,2
359,0.0,0.0,-1.0,0.5,-0.125,5
360,0.0,0.0,-1.0,0.5,-0.125,5
361,0.0,0.0,-1.0,0.5,-0.125,2
362,0.0,0.0,-1.0,0.5,-0.125,3
363,0.0,0.0,-1.0,0.5,-0.125,12
364,0.0,0.0,-1.0,0.5,-0.125,2
365,0.0,-0.5,-1.0,0.5,-0.125,0
366,0.0,0.0,-1.0,0.5,-0.125,1
367,0.0,0.0,-1.0,0.5,-0.125,3
368,0.0,0.0,-1.0,0.5,-0.125,4
369,0.0,0.0,-1.0,0.5,-0.125,2
370,0.0,0.0,-1.0,0.5,-0.125,6
371,0.0,0.0,-1.0,0.5,-0.125,11
372,0.0,0.0,-1.0,0.5,-0.125,2
373,0.0,0.0,-1.0,0.5,-0.125,9
374,0.0,-0.5,-1.0,0.5,-0.125,0
375,0.0,0.0,-1.0,0.5,-0.125,1
376,0.0,0.0,-1.0,0.5,-0.125,1
377,0.0,0.0,-1.0,0.5,-0.125,4
378,0.0,-0.5,-1.0,0.5,-0.125,0
379,0.0,0.0,-1.0,0.5,-0.125,4
380,0.0,0.0,-1.0,0.5,-0.125,3
381,-0.5,0.0,-1.0,0.5,-0.125,0
382,0.0,-0.5,-1.0,0.5,-0.125,0
383,0.0,0.0,-1.0,0.75,-0.125,2
384,0.0,-0.5,-1.0,0.5,0.375,0
385,0.0,0.0,-1.0,0.75,-0.125,4
386,0.0,0.0,-1.0,0.5,-0.125,1
387,-0.5,0.0,-1.0,0.75,-0.125,0
388,0.0,0.0,-1.0,0.5,-0.125,8
389,0.0,0.0,-1.0,0.5,-0.125,3
390,0.0,0.0,-1.0,0.625,-0.125,6
391,0.0,0.0,-1.0,0.75,-0.125,2
392,0.0,0.0,-1.0,0.75,-0.125,3
393,-0.5,0.0,-1.0,0.5,-0.125,0
394,0.0,0.0,-1.0,0.75,-0.125,1
395,0.0,0.0,-1.0,0.5,-0.125,10
396,0.0,0.0,-1.0,0.5,-0.125,3
397,0.0,0.0,-1.0,0.5,-0.125,1
398,0.0,0.0,-1.0,0.5,-0.125,8
399,0.0,-0.5,-1.0,0.75,-0.125,0
400,0.0,-0.5,-1.0,0.5,-0.125,1
401,0.0,0.0,-1.0,0.5,-0.125,10
402,0.0,0.0,-1.0,0.5,0.375,0
403,0.0,0.0,-1.0,0.5,-0.125,1
404,0.0,0.0,-1.0,0.5,-0.125,3
405,0.0,0.0,-1.0,0.5,-0.125,1
406,0.0,0.0,-1.0,0.5,-0.125,1
407,0.0,0.0,-1.0,0.5,-0.125,3
408,0.0,0.0,-1.0,0.5,-0.125,1
409,0.0,0.0,-1.0,0.5,-0.125,3
410,0.0,0.0,-1.0,0.5,-0.125,1
411,0.0,0.0,-1.0,0.5,-0.125,2
412,0.0,0.0,-1.0,0.5,-0.125,2
413,0.0,0.0,-1.0,0.5,-0.125,2
414,0.0,0.0,-1.0,0.5,-0.125,1
415,0.0,-0.5,-1.0,0.5,-0.125,1
416,0.0,-0.5,-1.0,0.5,-0.125,1
417,0.0,0.0,-1.0,0.5,-0.125,3
418,0.0,0.0,-1.0,0.5,-0.125,14
419,0.0,0.0,-1.0,0.5,-0.125,8
420,0.0,0.0,-1.0,0.5,-0.125,2
421,0.0,0.0,-1.0,0.5,-0.125,4
422,0.0,0.0,-1.0,0.5,-0.125,3
423,0.0,0.0,-1.0,0.5,0.375,0
424,-0.5,0.0,-1.0,0.5,-0.125,0
425,0.0,0.0,-1.0,0.5,-0.125,2
426,0.0,0.0,-1.0,0.5,-0.125,10
427,0.0,0.0,-1.0,0.5,-0.125,11
428,0.0,0.0,-1.0,0.5,-0.125,2
429,0.0,0.0,-1.0,0.5,-0.125,1
430,0.0,0.0,-1.0,0.5,-0.125,1
431,0.0,0.0,-1.0,0.5,-0.125,1
432,0.0,0.0,-1.0,0.5,-0.125,6
433,0.0,0.0,-1.0,0.5,-0.125,1
434,0.0,0.0,-1.0,0.5,-0.125,3
435,0.0,0.0,-1.0,0.5,-0.125,3
436,0.0,0.0,-1.0,0.5,0.375,0
437,0.0,0.0,-1.0,0.5,-0.125,4
438,0.0,0.0,-1.0,0.5,-0.125,12
439,-0.5,0.0,-1.0,0.5,-0.125,0
440,0.0,0.0,-1.0,0.5,-0.125,2
441,0.0,0.0,-1.0,0.5,-0.125,3
442,0.0,0.0,-1.0,0.5,-0.125,10
443,0.0,0.0,-1.0,0.5,-0.125,1
444,0.0,0.0,-1.0,0.5,-0.125,1
445,0.0,0.0,-1.0,0.5,0.375,0
446,0.0,0.0,-1.0,0.5,-0.125,13
447,0.0,0.0,-1.0,0.5,-0.125,5
448,0.0,0.0,-1.0,0.5,-0.125,2
449,0.0,0.0,-1.0,0.5,-0.125,7
450,0.0,0.0,-1.0,0.25,-0.125,5
451,0.0,0.0,-1.0,0.5,-0.125,6
452,0.0,0.0,-1.0,0.5,-0.125,4
453,-0.5,0.0,-1.0,0.5,-0.125,0
454,0.0,-0.5,-1.0,0.5,0.375,0
455,0.0,0.0,-1.0,0.25,-0.125,5
456,0.0,0.0,-1.0,0.5,-0.125,1
457,0.0,0.0,-1.0,0.5,-0.125,4
458,0.0,0.0,-1.0,0.5,-0.125,4
459,0.0,0.0,-1.0,0.5,-0.125,1
460,0.5,0.0,-1.0,0.25,-0.125,1
461,0.0,0.0,-1.0,0.375,-0.125,1
462,-0.5,0.0,-1.0,0.375,-0.125,0
463,0.5,0.0,-1.0,0.25,-0.125,0
464,-1.0,0.0,-1.0,0.25,-0.125,0
465,0.0,0.0,-1.0,0.625,-0.125,1
466,-0.75,0.0,-1.0,0.25,-0.125,0
467,-0.5,0.0,-1.0,0.25,-0.125,5
468,0.0,0.0,-1.0,0.25,-0.125,8
469,0.0,-0.5,-1.0,0.375,-0.125,1
470,-1.0,0.0,-1.0,0.25,-0.125,0
471,-1.0,0.0,-1.0,0.375,-0.125,0
472,0.0,0.0,-1.0,0.25,-0.125,1
473,-1.0,0.0,-1.0,0.375,-0.125,0
474,0.0,0.0,-1.0,0.25,-0.125,1
475,0.0,0.0,-1.0,0.375,-0.125,2
476,0.5,0.0,-1.0,0.25,-0.125,0
477,0.5,0.0,-1.0,0.25,-0.125,0
478,0.0,0.0,-1.0,0.25,-0.125,4
479,-0.5,0.0,-1.0,0.25,-0.125,0
480,0.0,0.0,-1.0,0.25,-0.125,13
481,0.0,-0.5,-1.0,0.75,0.375,0
482,-0.5,0.0,-1.0,0.25,-0.125,0
483,0.0,0.0,-1.0,0.25,-0.125,1
484,0.0,0.0,-1.0,0.25,-0.125,1
485,0.0,0.0,-1.0,0.75,-0.125,2
486,0.0,0.0,-1.0,0.25,0.375,0
487,0.0,0.0,-1.0,0.75,-0.125,2
488,0.0,0.0,-1.0,0.75,-0.125,3
489,0.0,0.0,-1.0,0.5,-0.125,6
490,0.0,0.0,-1.0,0.0,-0.125,0
491,0.0,0.0,-1.0,0.5,-0.125,2
492,0.0,0.0,-1.0,0.25,-0.125,1
493,0.0,0.0,-1.0,0.25,-0.125,5
494,0.0,0.0,-1.0,0.0,-0.125,0
495,-0.5,0.0,-1.0,0.5,0.375,0
496,0.0,0.0,-1.0,0.5,-0.125,1
497,0.0,0.0,-1.0,0.75,-0.125,2
498,0.0,0.0,-1.0,0.75,0.375,0
499,0.0,0.0,-1.0,0.5,-0.125,14
500,0.0,0.0,-1.0,0.625,-0.125,1
501,0.0,0.0,-1.0,0.5,-0.125,6
502,0.0,0.0,-1.0,0.5,-0.125,2
503,0.0,0.0,-1.0,0.5,-0.125,3
504,0.0,-0.5,-1.0,0.5,-0.125,0
505,0.0,0.0,-1.0,0.625,-0.125,8
506,0.0,0.0,-1.0,0.625,-0.125,3
507,0.0,0.0,-1.0,0.625,-0.125,8
508,0.0,0.0,-1.0,0.625,-0.125,8
509,0.0,0.0,-1.0,0.5,-0.125,3
510,-0.5,0.0,-1.0,0.625,-0.125,0
511,0.0,0.0,-1.0,0.5,-0.125,3
512,0.0,-0.5,-1.0,0.5,-0.125,1
513,0.0,0.0,-1.0,0.625,0.375,0
514,0.0,0.0,-1.0,0.5,-0.125,1
515,0.0,0.0,-1.0,0.5,-0.125,2
516,0.0,0.0,-1.0,0.5,-0.125,4
517,0.0,0.0,-1.0,0.625,-0.125,12
518,0.0,0.0,-1.0,0.25,-0.125,1
519,0.0,0.0,-1.0,0.25,-0.125,3
520,0.0,-0.5,-1.0,0.5,-0.125,0
521,0.0,0.0,-1.0,0.5,-0.125,15
522,0.0,0.0,-1.0,0.5,-0.125,5
523,0.0,0.0,-1.0,0.5,-0.125,4
524,0.0,0.0,-1.0,0.5,-0.125,4
525,0.0,0.0,-1.0,0.5,-0.125,3
526,0.0,0.0,-1.0,0.5,-0.125,2
527,0.0,0.0,-1.0,0.5,-0.125,2
528,0.0,0.0,-1.0,0.5,-0.125,1
529,0.0,-0.5,-1.0,0.5,-0.125,1
530,0.0,0.0,-1.0,0.5,-0.125,1
531,0.0,0.0,-1.0,0.5,-0.125,8
532,0.0,0.0,-1.0,0.5,-0.125,1
533,0.0,0.0,-1.0,0.5,-0.125,1
534,0.0,0.0,-1.0,0.5,-0.125,1
535,0.0,0.0,-1.0,0.5,-0.125,16
536,0.0,0.0,-1.0,0.5,-0.125,1
537,0.0,0.0,-1.0,0.5,-0.125,3
538,0.0,0.0,-1.0,0.5,-0.125,6
539,0.0,0.0,-1.0,0.5,-0.125,5
540,0.0,0.0,-1.0,0.75,-0.125,5
541,0.0,0.0,-1.0,0.875,-0.125,1
542,0.0,0.0,-1.0,0.125,-0.125,0
543,0.0,0.0,-1.0,0.75,-0.125,1
544,0.0,0.0,-1.0,0.25,-0.125,1
545,0.0,0.0,-1.0,0.875,-0.125,2
546,0.0,0.0,-1.0,0.875,-0.125,0
547,0.0,0.0,-1.0,0.125,-0.125,0
548,0.0,0.0,-1.0,0.5,-0.125,3
549,0.0,0.0,-1.0,0.25,-0.125,4
550,0.0,0.0,-1.0,0.25,-0.125,4
551,0.0,0.0,-1.0,0.375,-0.125,1
552,0.0,0.0,-1.0,0.625,-0.125,4
553,0.0,0.0,-1.0,0.75,-0.125,1
554,0.0,0.0,-1.0,0.5,-0.125,1
555,0.0,0.0,-1.0,0.5,-0.125,2
556,0.0,0.0,-1.0,0.5,-0.125,2
557,0.0,0.0,-1.0,0.125,-0.125,0
558,0.0,0.0,-1.0,0.875,-0.125,0
559,0.0,0.0,-1.0,0.625,-0.125,4
560,0.0,0.0,-1.0,0.5,-0.125,2
561,0.0,0.0,-1.0,0.5,-0.125,1
562,0.0,0.0,-1.0,0.5,-0.125,3
563,0.0,0.0,-1.0,0.5,-0.125,1
564,0.0,0.0,-1.0,0.25,-0.125,2
565,0.0,0.0,-1.0,0.5,-0.125,9
566,0.0,0.0,-1.0,0.5,-0.125,5
567,0.0,0.0,-1.0,0.5,-0.125,4
568,0.0,0.0,-1.0,0.5,-0.125,1
569,0.0,0.0,-1.0,0.5,0.375,0
570,0.0,0.0,-1.0,0.5,-0.125,5
571,0.0,0.0,-1.0,0.5,-0.125,1
572,0.0,0.0,-1.0,0.5,-0.125,1
573,0.0,0.0,-1.0,0.5,-0.125,2
574,0.0,0.0,-1.0,0.5,-0.125,1
575,0.0,0.0,-1.0,0.5,-0.125,7
576,0.0,0.0,-1.0,0.5,-0.125,1
577,0.0,0.0,-1.0,0.5,-0.125,1
578,0.0,0.0,-1.0,0.5,-0.125,1
579,0.0,0.0,-1.0,0.5,-0.125,4
580,0.0,0.0,-1.0,0.5,-0.125,14
581,0.0,0.0,-1.0,0.5,-0.125,1
582,0.0,0.0,-1.0,0.5,-0.125,18
583,0.0,0.0,-1.0,0.5,-0.125,2
584,0.0,0.0,-1.0,0.125,0.375,0
585,0.0,0.0,-1.0,0.5,-0.125,7
586,0.0,0.0,-1.0,0.5,-0.125,1
587,0.0,0.0,-1.0,0.5,-0.125,1
588,0.0,0.0,-1.0,0.5,-0.125,3
589,0.0,0.0,-1.0,0.5,-0.125,8
590,0.0,0.0,-1.0,0.5,-0.125,1
591,0.0,0.0,-1.0,0.5,-0.125,4
592,0.0,0.0,-1.0,0.5,0.375,0
593,0.0,0.0,-1.0,0.5,-0.125,3
594,0.0,0.0,-1.0,0.5,-0.125,5
595,0.0,0.0,-1.0,0.5,-0.125,1
596,0.0,0.0,-1.0,0.5,-0.125,1
597,0.0,0.0,-1.0,0.5,-0.125,10
598,0.0,0.0,-1.0,0.5,-0.125,4
599,0.0,0.0,-1.0,0.25,-0.125,7
600,0.0,0.0,-1.0,0.5,0.625,0
601,0.0,0.0,-1.0,0.5,-0.125,6
602,0.0,0.0,-1.0,0.5,-0.125,7
603,0.0,0.0,-1.0,0.25,-0.125,11
604,0.0,0.0,-1.0,0.5,-0.125,4
605,0.0,0.0,-1.0,0.5,-0.125,16
606,0.0,0.0,-1.0,0.5,-0.125,5
607,0.0,0.0,-1.0,0.5,-0.125,4
608,0.0,0.0,-1.0,0.5,-0.125,1
609,0.0,0.0,-1.0,0.5,-0.125,1
610,0.0,0.0,-1.0,0.5,-0.125,2
611,0.0,0.0,-1.0,0.5,-0.125,2
612,0.0,0.0,-1.0,0.5,-0.125,2
613,0.0,0.0,-1.0,0.5,-0.125,3
614,0.0,0.0,-1.0,0.5,-0.125,4
615,0.0,0.0,-1.0,0.5,-0.125,5
616,0.0,0.0,-1.0,0.5,-0.125,10
617,0.0,0.0,-1.0,0.5,0.625,0
618,0.0,0.0,-1.0,0.5,-0.125,4
619,0.0,0.0,-1.0,0.5,-0.125,1
620,0.0,0.0,-1.0,0.5,-0.125,2
621,0.0,0.0,-1.0,0.5,-0.125,2
622,0.0,0.0,-1.0,0.5,-0.125,6
623,0.0,0.0,-1.0,0.25,-0.125,8
624,0.0,0.0,-1.0,0.5,-0.125,12
625,0.0,0.0,-1.0,0.5,-0.125,2
626,0.0,0.0,-1.0,0.5,-0.125,4
627,0.0,0.0,-1.0,0.5,-0.125,6
628,0.0,0.0,-1.0,0.5,-0.125,10
629,0.0,0.0,-1.0,0.5,-0.125,4
630,0.0,0.0,-1.0,0.5,-0.125,11
631,-0.5,0.0,-1.0,0.5,-0.125,0
632,0.0,0.0,-1.0,0.5,-0.125,2
633,0.0,0.0,-1.0,0.5,-0.125,4
634,0.0,-0.5,-1.0,0.5,-0.125,0
635,0.0,0.0,-1.0,0.5,-0.125,3
636,0.0,0.0,-1.0,0.5,-0.125,5
637,0.0,-0.5,-1.0,0.5,-0.125,0
638,0.0,0.0,-1.0,0.5,-0.125,4
639,0.0,0.0,-1.0,0.5,-0.125,18
640,0.0,0.0,-1.0,0.375,-0.125,6
641,-0.5,0.0,-1.0,0.25,-0.125,1
642,0.0,0.0,-1.0,0.375,-0.125,5
643,0.0,0.0,-1.0,0.25,-0.125,1
644,0.0,0.0,-1.0,0.625,-0.125,8
645,0.0,0.0,-1.0,0.5,-0.125,4
646,0.0,0.0,-1.0,0.125,-0.125,1
647,0.0,0.0,-1.0,0.375,-0.125,8
648,0.0,0.0,-1.0,0.375,-0.125,8
649,0.0,0.0,-1.0,0.375,-0.125,14
650,0.0,0.0,-1.0,0.375,-0.125,24
651,0.0,0.0,-1.0,0.25,-0.125,1
652,0.0,0.0,-1.0,0.25,-0.125,5
653,0.0,0.0,-1.0,0.25,-0.125,6
654,0.0,0.0,-1.0,-0.125,-0.125,0
655,0.0,0.0,-1.0,0.25,-0.125,3
656,0.0,0.0,-1.0,-0.25,-0.125,0
657,0.0,0.0,-1.0,0.375,0.375,0
658,0.0,0.0,-1.0,0.375,-0.125,3
659,0.0,0.0,-1.0,0.25,0.375,0
660,0.0,0.0,-1.0,0.625,-0.125,1
661,0.0,0.0,-1.0,0.5,-0.125,9
662,0.0,0.0,-1.0,0.5,-0.125,8
663,-0.5,0.0,-1.0,0.5,-0.125,0
664,0.0,0.0,-1.0,0.5,-0.125,13
665,0.0,0.0,-1.0,0.5,-0.125,3
666,0.0,0.0,-1.0,0.5,-0.125,4
667,0.0,0.0,-1.0,0.625,-0.125,3
668,0.0,0.0,-1.0,0.25,-0.125,2
669,0.0,0.0,-1.0,0.625,-0.125,1
670,0.0,0.0,-1.0,0.5,-0.125,2
671,0.0,0.0,-1.0,0.5,-0.125,2
672,0.0,0.0,-1.0,0.5,-0.125,2
673,0.0,0.0,-1.0,0.625,-0.125,7
674,0.0,0.0,-1.0,0.625,-0.125,2
675,0.0,0.0,-1.0,0.625,-0.125,2
676,0.0,0.0,-1.0,0.625,0.375,0
677,0.0,0.0,-1.0,0.625,-0.125,1
678,0.0,0.0,-1.0,0.625,-0.125,7
679,0.0,-0.5,-1.0,0.5,-0.125,0
680,0.0,0.0,-1.0,0.5,-0.125,2
681,0.0,0.0,-1.0,0.5,-0.125,6
682,0.0,0.0,-1.0,0.5,-0.125,11
683,0.0,0.0,-1.0,0.5,-0.125,4
684,0.0,0.0,-1.0,0.5,-0.125,3
685,0.0,0.0,-1.0,0.5,-0.125,1
686,0.0,0.0,-1.0,0.5,-0.125,13
687,0.0,0.0,-1.0,0.5,-0.125,1
688,0.0,0.0,-1.0,0.5,-0.125,1
689,0.0,0.0,-1.0,0.5,-0.125,2
690,0.0,0.0,-1.0,0.5,-0.125,2
691,0.0,0.0,-1.0,0.5,-0.125,8
692,0.0,0.0,-1.0,0.5,-0.125,1
693,0.0,0.0,-1.0,0.5,-0.125,5
694,0.0,-0.875,-1.0,0.5,-0.125,0
695,0.0,0.0,-1.0,0.5,-0.125,4
696,0.0,0.0,-1.0,0.5,-0.125,12
697,0.0,0.0,-1.0,0.5,-0.125,5
698,0.0,0.0,-1.0,0.5,-0.125,1
699,0.0,0.0,-1.0,0.5,-0.125,1
700,0.0,0.0,-1.0,0.25,-0.125,1
701,0.0,0.0,-1.0,0.5,-0.125,2
702,0.0,0.0,-1.0,0.25,-0.125,6
703,0.0,0.0,-1.0,0.5,-0.125,1
704,0.0,0.0,-1.0,0.5,-0.125,3
705,0.0,0.0,-1.0,0.5,-0.125,7
706,0.0,0.0,-1.0,0.5,-0.125,11
707,0.0,0.0,-1.0,0.5,-0.125,2
708,0.0,0.0,-1.0,0.25,-0.125,8
709,0.0,0.0,-1.0,0.5,-0.125,1
710,0.0,0.0,-1.0,0.5,-0.125,1
711,0.0,0.0,-1.0,0.5,0.375,0
712,0.0,0.0,-1.0,0.25,-0.125,2
713,0.0,0.0,-1.0,0.5,-0.125,3
714,0.0,0.0,-1.0,0.5,-0.125,1
715,0.0,0.0,-1.0,0.5,-0.125,4
716,0.0,0.0,-1.0,0.5,-0.125,5
717,0.0,0.0,-1.0,0.5,-0.125,7
718,0.0,0.0,-1.0,0.5,-0.125,2
719,0.0,0.0,-1.0,0.5,-0.125,10
720,0.0,0.0,-1.0,0.5,-0.125,8
721,0.0,0.0,-1.0,0.5,-0.125,1
722,0.0,0.0,-1.0,0.5,-0.125,2
723,0.0,-0.5,-1.0,0.5,-0.125,0
724,0.0,-0.5,-1.0,0.5,-0.125,0
725,0.0,0.0,-1.0,0.5,-0.125,3
726,0.0,0.0,-1.0,0.5,0.375,0
727,0.0,0.0,-1.0,0.5,-0.125,3
728,0.0,-0.5,-1.0,0.5,-0.125,4
729,0.0,0.0,-1.0,0.5,-0.125,1
730,0.0,0.0,-1.0,0.5,-0.125,2
731,0.0,0.0,-1.0,0.5,-0.125,5
732,0.0,0.0,-1.0,0.5,-0.125,2
733,0.0,0.0,-1.0,0.5,-0.125,10
734,0.0,0.0,-1.0,0.5,-0.125,6
735,0.0,0.0,-1.0,0.5,-0.125,2
736,0.0,0.0,-1.0,0.5,-0.125,9
737,0.0,0.0,-1.0,0.5,-0.125,1
738,0.0,0.0,-1.0,0.5,-0.125,5
739,0.0,0.0,-1.0,0.5,-0.125,4
740,0.0,0.0,-1.0,0.75,-0.125,3
741,0.0,0.0,-1.0,0.75,-0.125,1
742,0.0,0.0,-1.0,0.75,-0.125,4
743,0.0,0.0,-1.0,0.5,-0.125,1
744,0.0,0.0,-1.0,0.75,-0.125,2
745,0.0,-0.5,-1.0,0.75,-0.125,1
746,0.0,0.0,-1.0,0.75,-0.125,2
747,0.0,0.0,-1.0,0.75,-0.125,2
748,0.0,0.0,-1.0,0.5,-0.125,2
749,0.0,0.0,-1.0,0.75,-0.125,1
750,0.0,0.0,-1.0,0.5,-0.125,1
751,0.0,0.0,-1.0,0.75,-0.125,1
752,0.0,0.0,-1.0,0.5,-0.125,1
753,-0.5,0.0,-1.0,0.5,-0.125,0
754,0.0,0.0,-1.0,0.75,-0.125,3
755,0.0,0.0,-1.0,0.5,-0.125,1
756,0.0,0.0,-1.0,0.5,-0.125,1
757,0.0,0.0,-1.0,0.75,-0.125,1
758,0.0,0.0,-1.0,0.75,-0.125,1
759,0.0,0.0,-1.0,0.5,-0.125,1
760,0.0,0.0,-1.0,0.5,-0.125,1
761,0.0,0.0,-1.0,0.5,-0.125,4
762,0.0,-0.5,-1.0,0.5,-0.125,0
763,0.0,0.0,-1.0,0.5,-0.125,1
764,0.0,0.0,-1.0,0.5,0.375,0
765,0.0,0.0,-1.0,0.5,-0.125,5
766,0.0,0.0,-1.0,0.625,-0.125,2
767,0.0,0.0,-1.0,0.625,-0.125,2
768,0.0,0.0,-1.0,0.625,0.375,0
769,0.0,0.0,-1.0,0.5,-0.125,8
770,0.0,0.0,-1.0,0.5,-0.125,11
771,0.0,0.0,-1.0,0.5,-0.125,1
772,0.0,0.0,-1.0,0.625,-0.125,2
773,0.0,0.0,-1.0,0.5,-0.125,2
774,0.0,0.0,-1.0,0.625,-0.125,2
775,0.0,0.0,-1.0,0.5,-0.125,4
776,0.0,0.0,-1.0,0.625,-0.125,14
777,0.0,0.0,-1.0,0.625,-0.125,2
778,-0.5,0.0,-1.0,0.625,-0.125,0
779,0.0,0.0,-1.0,0.5,-0.125,1
780,0.0,0.0,-1.0,0.5,-0.125,7
781,0.0,0.0,-1.0,0.5,-0.125,3
782,0.0,0.0,-1.0,0.5,-0.125,7
783,0.0,0.0,-1.0,0.5,-0.125,7
784,0.0,-0.5,-1.0,0.5,-0.125,0
785,0.0,0.0,-1.0,0.5,-0.125,1
786,0.0,0.0,-1.0,0.5,0.375,0
787,-0.5,0.0,-1.0,0.5,-0.125,0
788,0.0,0.0,-1.0,0.5,-0.125,2
789,0.0,0.0,-1.0,0.5,0.375,0
790,0.0,0.0,-1.0,0.5,-0.125,1
791,0.0,0.0,-1.0,0.5,-0.125,1
792,-0.5,0.0,-1.0,0.5,-0.125,0
793,0.0,0.0,-1.0,0.5,-0.125,11
794,0.0,0.0,-1.0,0.5,-0.125,4
795,0.0,0.0,-1.0,0.5,-0.125,4
796,0.0,0.0,-1.0,0.5,-0.125,3
797,0.0,0.0,-1.0,0.5,-0.125,1
798,0.0,0.0,-1.0,0.5,0.375,0
799,0.0,0.0,-1.0,0.5,-0.125,1
800,0.0,0.0,-1.0,0.5,-0.125,4
801,0.0,0.0,-1.0,0.5,-0.125,6
802,0.0,0.0,-1.0,0.5,-0.125,1
803,0.0,0.0,-1.0,0.625,-0.125,3
804,0.0,0.0,-1.0,0.375,-0.125,12
805,0.0,0.0,-1.0,0.625,-0.125,5
806,0.0,0.0,-1.0,0.75,-0.125,1
807,0.0,0.0,-1.0,0.625,-0.125,1
808,-0.5,0.0,-1.0,0.5,-0.125,0
809,-0.5,0.0,-1.0,0.5,-0.125,0
810,0.0,0.0,-1.0,0.5,-0.125,7
811,0.0,0.0,-1.0,0.625,-0.125,3
812,0.0,0.0,-1.0,0.625,-0.125,1
813,0.0,0.0,-1.0,0.625,-0.125,4
814,0.0,0.0,-1.0,0.625,-0.125,7
815,0.0,0.0,-1.0,0.625,-0.125,8
816,0.0,0.0,-1.0,0.5,-0.125,1
817,0.0,0.0,-1.0,0.5,-0.125,1
818,0.0,0.0,-1.0,0.625,-0.125,1
819,0.0,0.0,-1.0,0.625,-0.125,1
820,0.0,0.0,-1.0,0.5,-0.125,3
821,0.0,0.0,-1.0,0.5,-0.125,2
822,0.0,0.0,-1.0,0.5,-0.125,4
823,0.0,0.0,-1.0,0.5,-0.125,2
824,0.0,0.0,-1.0,0.5,-0.125,2
825,0.0,0.0,-1.0,0.5,-0.125,4
826,0.0,0.0,-1.0,0.5,-0.125,4
827,0.0,0.0,-1.0,0.5,-0.125,1
828,0.0,0.0,-1.0,0.5,-0.125,3
829,0.0,0.0,-1.0,0.5,-0.125,11
830,0.0,0.0,-1.0,0.5,-0.125,1
831,0.0,0.0,-1.0,0.25,-0.125,2
832,0.0,0.0,-1.0,0.5,-0.125,4
833,-0.5,0.0,-1.0,0.5,-0.125,0
834,0.0,0.0,-1.0,0.5,-0.125,2
835,0.0,0.0,-1.0,0.5,-0.125,4
836,0.0,0.0,-1.0,0.5,-0.125,7
837,0.0,0.0,-1.0,0.5,-0.125,1
838,0.0,0.0,-1.0,0.5,0.375,0
839,0.0,0.0,-1.0,0.5,-0.125,1
840,0.0,0.0,-1.0,0.5,-0.125,3
841,0.0,0.0,-1.0,0.625,-0.125,3
842,0.0,0.0,-1.0,0.5,-0.125,4
843,0.0,0.0,-1.0,0.625,-0.125,1
844,0.0,0.0,-1.0,0.625,-0.125,1
845,0.0,0.0,-1.0,0.5,-0.125,8
846,0.0,0.0,-1.0,0.5,-0.125,2
847,0.0,0.0,-1.0,0.625,-0.125,1
848,0.0,0.0,-1.0,0.5,-0.125,4
849,0.0,0.0,-1.0,0.625,-0.125,13
850,0.0,-0.75,-1.0,0.625,-0.125,0
851,0.0,0.0,-1.0,0.5,-0.125,6
852,0.0,0.0,-1.0,0.5,-0.125,3
853,0.0,0.0,-1.0,0.25,-0.125,1
854,0.0,0.0,-1.0,0.625,-0.125,1
855,0.0,0.0,-1.0,0.5,-0.125,6
856,0.0,0.0,-1.0,0.625,-0.125,12
857,0.0,0.0,-1.0,0.625,-0.125,1
858,0.0,0.0,-1.0,0.625,-0.125,10
859,0.0,0.0,-1.0,0.5,-0.125,8
860,-0.5,0.0,-1.0,0.5,-0.125,0
861,0.0,0.0,-1.0,0.5,-0.125,1
862,0.0,0.0,-1.0,0.25,-0.125,1
863,0.0,0.0,-1.0,0.5,-0.125,1
864,0.0,0.0,-1.0,0.5,0.375,0
865,0.0,0.0,-1.0,0.5,-0.125,2
866,0.0,0.0,-1.0,0.5,-0.125,3
867,0.0,0.0,-1.0,0.5,-0.125,23
868,0.0,0.0,-1.0,0.5,0.375,0
869,0.0,0.0,-1.0,0.5,-0.125,4
870,0.0,0.0,-1.0,0.5,-0.125,4
871,0.0,0.0,-1.0,0.5,-0.125,4
872,0.0,0.0,-1.0,0.5,-0.125,1
873,0.0,0.0,-1.0,0.5,-0.125,1
874,0.0,0.0,-1.0,0.5,-0.125,14
875,0.0,0.0,-1.0,0.5,-0.125,6
876,0.0,0.0,-1.0,0.5,-0.125,1
877,0.0,0.0,-1.0,0.5,-0.125,8
878,0.0,0.0,-1.0,0.5,-0.125,2
879,0.0,-0.5,-1.0,0.5,-0.125,0
880,0.0,0.0,-1.0,0.5,-0.125,1
881,0.0,0.0,-1.0,0.25,-0.125,8
882,0.0,0.0,-1.0,0.5,-0.125,1
883,0.0,0.0,-1.0,0.25,-0.125,1
884,0.0,0.0,-1.0,0.25,-0.125,7
885,0.0,0.0,-1.0,0.5,-0.125,2
886,0.0,-0.5,-1.0,0.5,-0.125,0
887,0.0,-0.5,-1.0,0.5,-0.125,2
888,0.0,0.0,-1.0,0.5,-0.125,3
889,0.0,0.0,-1.0,0.5,-0.125,1
890,0.0,0.0,-1.0,0.5,-0.125,1
891,0.0,0.0,-1.0,0.5,-0.125,21
892,0.0,0.0,-1.0,0.5,-0.125,2
893,0.0,0.0,-1.0,0.5,-0.125,4
894,0.0,0.0,-1.0,0.5,-0.125,2
895,0.0,0.0,-1.0,0.5,-0.125,5
896,0.0,0.0,-1.0,0.5,0.375,0
897,0.0,0.0,-1.0,0.25,-0.125,3
898,0.0,0.0,-1.0,0.5,0.375,0
899,0.0,0.0,-1.0,0.5,-0.125,20
900,0.0,0.0,-1.0,0.5,-0.125,1
901,0.0,0.0,-1.0,0.5,-0.125,10
902,0.0,0.0,-1.0,0.5,-0.125,6
903,0.0,0.0,-1.0,0.5,-0.125,3
904,0.0,0.0,-1.0,0.5,-0.125,2
905,0.0,0.0,-1.0,0.5,-0.125,2
906,0.0,0.0,-1.0,0.5,0.375,0
907,0.0,0.0,-1.0,0.5,-0.125,3
908,0.0,0.0,-1.0,0.125,-0.125,0
909,0.0,0.0,-1.0,0.5,-0.125,4
910,0.0,0.0,-1.0,0.5,-0.125,4
911,0.0,0.0,-1.0,0.5,-0.125,3
912,0.0,0.0,-1.0,0.5,-0.125,12
913,0.0,0.0,-1.0,0.5,-0.125,9
914,0.0,0.0,-1.0,0.5,0.375,0
915,0.0,0.0,-1.0,0.5,-0.125,6
916,0.0,0.0,-1.0,0.5,-0.125,2
917,0.0,0.0,-1.0,0.5,-0.125,3
918,0.0,0.0,-1.0,0.25,-0.125,29
919,0.0,0.0,-1.0,0.5,-0.125,1
920,0.0,0.0,-1.0,0.5,-0.125,1
921,0.0,0.0,-1.0,0.5,-0.125,2
922,0.0,0.0,-1.0,0.5,-0.125,3
923,-0.5,0.0,-1.0,0.5,-0.125,0
924,0.0,0.0,-1.0,0.5,-0.125,2
925,0.0,0.0,-1.0,0.5,-0.125,1
926,0.0,0.0,-1.0,0.5,-0.125,3
927,0.0,0.0,-1.0,0.5,-0.125,1
928,0.0,0.0,-1.0,0.5,-0.125,11
929,0.0,0.0,-1.0,0.5,-0.125,3
930,0.0,0.0,-1.0,0.5,-0.125,6
931,-0.5,0.0,-1.0,0.5,-0.125,0
932,0.0,0.0,-1.0,0.5,-0.125,4
933,0.0,0.0,-1.0,0.5,-0.125,2
934,0.0,0.0,-1.0,0.5,-0.125,4
935,0.0,0.0,-1.0,0.5,-0.125,2
936,0.0,0.0,-1.0,0.5,-0.125,2
937,0.0,0.0,-1.0,0.5,-0.125,2
938,0.0,0.0,-1.0,0.5,-0.125,1
939,0.0,0.0,-1.0,0.5,-0.125,1
940,0.0,0.0,-1.0,0.5,-0.125,2
941,0.0,0.0,-1.0,0.25,-0.125,1
942,0.0,0.0,-1.0,0.5,-0.125,4
943,0.0,0.0,-1.0,0.5,-0.125,4
944,0.0,-0.5,-1.0,0.5,-0.125,0
945,0.0,0.0,-1.0,0.5,-0.125,1
946,0.0,0.0,-1.0,0.5,-0.125,7
947,0.0,0.0,-1.0,0.5,0.375,0
948,0.0,0.0,-1.0,0.5,-0.125,9
949,0.0,-0.5,-1.0,0.5,-0.125,1
950,0.0,0.0,-1.0,0.5,-0.125,2
951,0.0,0.0,-1.0,0.5,-0.125,2
952,0.0,0.0,-1.0,0.5,-0.125,4
953,0.0,0.0,-1.0,0.5,0.375,0
954,0.0,0.0,-1.0,0.5,-0.125,1
955,0.0,0.0,-1.0,0.5,-0.125,2
956,0.0,0.0,-1.0,0.5,-0.125,1
957,0.0,0.0,-1.0,0.5,-0.125,6
958,0.0,0.0,-1.0,0.5,-0.125,3
959,0.0,0.0,-1.0,0.5,-0.125,2
960,0.0,0.0,-1.0,0.5,-0.125,1
961,0.0,0.0,-1.0,0.5,-0.125,1
962,0.0,0.0,-1.0,0.5,-0.125,15
963,0.0,-0.5,-1.0,0.5,0.625,0
964,0.0,0.0,-1.0,0.5,-0.125,11
965,0.0,0.0,-1.0,0.5,-0.125,4
966,0.0,0.0,-1.0,0.25,-0.125,1
967,0.0,0.0,-1.0,0.5,-0.125,8
968,0.0,0.0,-1.0,0.5,-0.125,4
969,0.0,0.0,-1.0,0.5,-0.125,2
970,0.0,0.0,-1.0,0.5,0.375,0
971,0.0,-0.5,-1.0,0.5,-0.125,0
972,0.0,-0.5,-1.0,0.5,-0.125,1
973,0.0,0.0,-1.0,0.5,-0.125,1
974,0.0,0.0,-1.0,0.5,-0.125,4
975,0.0,0.0,-1.0,0.5,-0.125,1
976,-0.5,0.0,-1.0,0.5,-0.125,0
977,0.0,0.0,-1.0,0.5,-0.125,2
978,0.0,0.0,-1.0,0.5,0.375,0
979,-0.5,0.0,-1.0,0.5,-0.125,0
980,0.0,0.0,-1.0,0.5,-0.125,2
981,0.0,0.0,-1.0,0.5,-0.125,9
982,0.0,0.0,-1.0,0.5,-0.125,2
983,0.0,0.0,-1.0,0.5,-0.125,2
984,0.0,0.0,-1.0,0.25,-0.125,18
985,0.0,0.0,-1.0,0.5,-0.125,7
986,0.0,0.0,-1.0,0.5,0.375,0
987,0.0,0.0,-1.0,0.5,-0.125,2
988,0.0,0.0,-1.0,0.5,-0.125,6
989,0.0,0.0,-1.0,0.5,-0.125,1
990,0.0,0.0,-1.0,0.5,-0.125,11
991,0.0,0.0,-1.0,0.5,-0.125,1
992,0.0,0.0,-1.0,0.5,-0.125,1
993,0.0,0.0,-1.0,0.25,-0.125,1
994,0.0,0.0,-1.0,0.5,-0.125,1
995,0.0,0.0,-1.0,0.5,-0.125,3
996,0.0,0.0,-1.0,0.5,-0.125,1
997,0.0,0.0,-1.0,0.5,-0.125,2
998,0.0,0.0,-1.0,0.5,-0.125,4
999,0.0,0.0,-1.0,0.5,-0.125,3
